pan,vgi,kbc,msn,klf,lcg,ltc,pvd,stb,tnh,fit,vcg,e1vfvn30,gab,hng,hpg,mwg,fpt,vjc,pow
tvc,uni,ijc,vnm,vng,plx,gex,bsr,mbb,,dbd,hbc,fuevfvnd,hsg,aph,dig,frt,yeg,hvn,geg
hid,tst,kdh,kdc,htp,tsc,qcc,gas,ssi,,amv,pvs,fuessvfl,nkg,dpm,tch,hax,sgt,gmd,nt2
adg,pmt,ttf,tng,dst,dgw,thi,oil,tcb,,ldp,ros,fuemav30,ksb,baf,vhg,ogc,elc,pvt,khp
api,,l14,vhc,dah,vgc,vie,plc,ctg,,dcl,fcn,fuekiv30,phr,dcm,sam,svc,cmd,hah,ddg
itd,,bcm,sab,ctc,ipa,tie,khb,vhm,,dhg,ctd,fuevn100,dlg,sbt,amd,cmv,fox,dl1,bwe
sda,,pnj,idi,och,jvc,dnc,tdg,vnd,,vhe,pc1,fuessvn100,ht1,aaa,ttb,bmf,vla,vos,tta
apc,,hhs,gil,eci,pet,pot,cdo,ceo,,dbt,ckg,fuessv50,gkm,vgt,mbg,pnc,cmt,mhc,tdm
inn,,ree,sjf,svt,abs,vbh,cng,vpb,,mkp,dpg,fuessv30,tlh,dgc,nhh,bdb,,acv,ppc
tv3,,ptb,bbc,tct,psh,vtc,nbc,hag,,dp3,tdc,,c32,dbc,ntp,,,vsc,sjd
